name,type,nominal_bytes,actual_bytes,compressed_bytes,compress_s,decompress_s
ascii_1024,ascii,1024,1024,584,0.000063955,0.000061649
ascii_1024,ascii,1024,1024,584,0.000056267,0.000060041
ascii_1024,ascii,1024,1024,584,0.000052912,0.000059621
ascii_1024,ascii,1024,1024,584,0.000052912,0.000058433
ascii_1024,ascii,1024,1024,584,0.000059692,0.000058223
ascii_1024,ascii,1024,1024,584,0.000072482,0.000061718
ascii_1024,ascii,1024,1024,584,0.000053890,0.000058153
ascii_1024,ascii,1024,1024,584,0.000052982,0.000057804
ascii_1024,ascii,1024,1024,584,0.000053401,0.000058153
ascii_1024,ascii,1024,1024,584,0.000052982,0.000058223
ascii_10240,ascii,10240,10240,5481,0.000266304,0.000448385
ascii_10240,ascii,10240,10240,5481,0.000266654,0.000419517
ascii_10240,ascii,10240,10240,5481,0.000279026,0.000419866
ascii_10240,ascii,10240,10240,5481,0.000263019,0.000436572
ascii_10240,ascii,10240,10240,5481,0.000273224,0.000447825
ascii_10240,ascii,10240,10240,5481,0.000263089,0.000418958
ascii_10240,ascii,10240,10240,5481,0.000269240,0.000415463
ascii_10240,ascii,10240,10240,5481,0.000261902,0.000434404
ascii_10240,ascii,10240,10240,5481,0.000280773,0.000430840
ascii_10240,ascii,10240,10240,5481,0.000277908,0.000420635
ascii_102400,ascii,102400,102400,54498,0.002328033,0.004007848
ascii_102400,ascii,102400,102400,54498,0.002347884,0.004051882
ascii_102400,ascii,102400,102400,54498,0.002358647,0.004011483
ascii_102400,ascii,102400,102400,54498,0.002380665,0.003985621
ascii_102400,ascii,102400,102400,54498,0.002334743,0.004016376
ascii_102400,ascii,102400,102400,54498,0.002344179,0.003997224
ascii_102400,ascii,102400,102400,54498,0.002333835,0.003982755
ascii_102400,ascii,102400,102400,54498,0.002369132,0.004000439
ascii_102400,ascii,102400,102400,54498,0.002339007,0.003981567
ascii_102400,ascii,102400,102400,54498,0.002345577,0.004012461
ascii_1048576,ascii,1048576,1048576,557134,0.023425851,0.042488713
ascii_1048576,ascii,1048576,1048576,557134,0.023999769,0.041745087
ascii_1048576,ascii,1048576,1048576,557134,0.024130196,0.041223521
ascii_1048576,ascii,1048576,1048576,557134,0.023982505,0.040983638
ascii_1048576,ascii,1048576,1048576,557134,0.023770301,0.041169422
ascii_1048576,ascii,1048576,1048576,557134,0.023742132,0.040953862
ascii_1048576,ascii,1048576,1048576,557134,0.023504867,0.042236484
ascii_1048576,ascii,1048576,1048576,557134,0.023575425,0.040812610
ascii_1048576,ascii,1048576,1048576,557134,0.023421449,0.040911230
ascii_1048576,ascii,1048576,1048576,557134,0.023514967,0.041639942
ascii_5242880,ascii,5242880,5242880,2785004,0.117051611,0.203926197
ascii_5242880,ascii,5242880,5242880,2785004,0.117257270,0.204339513
ascii_5242880,ascii,5242880,5242880,2785004,0.117451850,0.204236282
ascii_5242880,ascii,5242880,5242880,2785004,0.117340792,0.205659065
ascii_5242880,ascii,5242880,5242880,2785004,0.117276353,0.204247862
ascii_5242880,ascii,5242880,5242880,2785004,0.119433218,0.203738316
ascii_5242880,ascii,5242880,5242880,2785004,0.117396286,0.204066308
ascii_5242880,ascii,5242880,5242880,2785004,0.118154728,0.203973985
ascii_5242880,ascii,5242880,5242880,2785004,0.117660445,0.204174356
ascii_5242880,ascii,5242880,5242880,2785004,0.117197437,0.204275135
utf8_1024,utf8,1024,1024,543,0.000169269,0.000156968
utf8_1024,utf8,1024,1024,543,0.000162699,0.000169688
utf8_1024,utf8,1024,1024,543,0.000157598,0.000151726
utf8_1024,utf8,1024,1024,543,0.000149071,0.000149840
utf8_1024,utf8,1024,1024,543,0.000148372,0.000148931
utf8_1024,utf8,1024,1024,543,0.000172273,0.000150888
utf8_1024,utf8,1024,1024,543,0.000148442,0.000147534
utf8_1024,utf8,1024,1024,543,0.000147743,0.000148162
utf8_1024,utf8,1024,1024,543,0.000167382,0.000149420
utf8_1024,utf8,1024,1024,543,0.000149141,0.000147324
utf8_10240,utf8,10240,10240,5010,0.000762058,0.000998070
utf8_10240,utf8,10240,10240,5010,0.000757445,0.000991081
utf8_10240,utf8,10240,10240,5010,0.000729211,0.000983602
utf8_10240,utf8,10240,10240,5010,0.000715093,0.000992199
utf8_10240,utf8,10240,10240,5010,0.000731936,0.001022810
utf8_10240,utf8,10240,10240,5010,0.000737807,0.000992269
utf8_10240,utf8,10240,10240,5010,0.000725437,0.000984511
utf8_10240,utf8,10240,10240,5010,0.000716491,0.001019036
utf8_10240,utf8,10240,10240,5010,0.000754929,0.000985000
utf8_10240,utf8,10240,10240,5010,0.000601245,0.000798680
utf8_102400,utf8,102400,102400,49752,0.002268212,0.003345815
utf8_102400,utf8,102400,102400,49752,0.002263670,0.003258245
utf8_102400,utf8,102400,102400,49752,0.002306721,0.003257057
utf8_102400,utf8,102400,102400,49752,0.002322097,0.003266072
utf8_102400,utf8,102400,102400,49752,0.002221667,0.003237698
utf8_102400,utf8,102400,102400,49752,0.002288271,0.003208834
utf8_102400,utf8,102400,102400,49752,0.002221248,0.003221973
utf8_102400,utf8,102400,102400,49752,0.002251440,0.003242240
utf8_102400,utf8,102400,102400,49752,0.002232220,0.003222602
utf8_102400,utf8,102400,102400,49752,0.002227888,0.003220855
utf8_1048576,utf8,1048576,1048576,508212,0.022421863,0.032784726
utf8_1048576,utf8,1048576,1048576,508212,0.022513643,0.032832519
utf8_1048576,utf8,1048576,1048576,508212,0.022364296,0.032913238
utf8_1048576,utf8,1048576,1048576,508212,0.022449069,0.032869977
utf8_1048576,utf8,1048576,1048576,508212,0.022380719,0.033118354
utf8_1048576,utf8,1048576,1048576,508212,0.022457315,0.032769481
utf8_1048576,utf8,1048576,1048576,508212,0.022529717,0.032622720
utf8_1048576,utf8,1048576,1048576,508212,0.022384493,0.032714411
utf8_1048576,utf8,1048576,1048576,508212,0.022364226,0.032726641
utf8_1048576,utf8,1048576,1048576,508212,0.022328584,0.032747817
utf8_5242880,utf8,5242880,5242880,2540443,0.111834897,0.161712303
utf8_5242880,utf8,5242880,5242880,2540443,0.111822153,0.163753828
utf8_5242880,utf8,5242880,5242880,2540443,0.111756950,0.162107682
utf8_5242880,utf8,5242880,5242880,2540443,0.111395644,0.162076933
utf8_5242880,utf8,5242880,5242880,2540443,0.111445259,0.162514041
utf8_5242880,utf8,5242880,5242880,2540443,0.113619802,0.161898292
utf8_5242880,utf8,5242880,5242880,2540443,0.111787022,0.162385874
utf8_5242880,utf8,5242880,5242880,2540443,0.111405456,0.162389368
utf8_5242880,utf8,5242880,5242880,2540443,0.111546800,0.162430134
utf8_5242880,utf8,5242880,5242880,2540443,0.112524256,0.164677015
bmp_1024,bmp,1024,1022,961,0.000245220,0.000223905
bmp_1024,bmp,1024,1022,961,0.000239349,0.000192668
bmp_1024,bmp,1024,1022,961,0.000227749,0.000189033
bmp_1024,bmp,1024,1022,961,0.000291203,0.000254654
bmp_1024,bmp,1024,1022,961,0.000283446,0.000243473
bmp_1024,bmp,1024,1022,961,0.000316430,0.000244312
bmp_1024,bmp,1024,1022,961,0.000286381,0.000262480
bmp_1024,bmp,1024,1022,961,0.000287848,0.000264298
bmp_1024,bmp,1024,1022,961,0.000295816,0.000269469
bmp_1024,bmp,1024,1022,961,0.000287149,0.000238511
bmp_10240,bmp,10240,10238,6921,0.000951528,0.001383055
bmp_10240,bmp,10240,10238,6921,0.000963338,0.001387948
bmp_10240,bmp,10240,10238,6921,0.000932869,0.001366494
bmp_10240,bmp,10240,10238,6921,0.000962220,0.001391722
bmp_10240,bmp,10240,10238,6921,0.000929724,0.001396823
bmp_10240,bmp,10240,10238,6921,0.000921059,0.001007015
bmp_10240,bmp,10240,10238,6921,0.000320624,0.000499454
bmp_10240,bmp,10240,10238,6921,0.000337325,0.000477162
bmp_10240,bmp,10240,10238,6921,0.000344104,0.000470872
bmp_10240,bmp,10240,10238,6921,0.000329848,0.000490160
bmp_102400,bmp,102400,102398,66334,0.002525365,0.004649810
bmp_102400,bmp,102400,102398,66334,0.002543184,0.004667910
bmp_102400,bmp,102400,102398,66334,0.002511248,0.004615288
bmp_102400,bmp,102400,102398,66334,0.002517677,0.004645408
bmp_102400,bmp,102400,102398,66334,0.002541648,0.004624233
bmp_102400,bmp,102400,102398,66334,0.002548985,0.004661411
bmp_102400,bmp,102400,102398,66334,0.002528440,0.004630312
bmp_102400,bmp,102400,102398,66334,0.002487977,0.004918370
bmp_102400,bmp,102400,102398,66334,0.002528999,0.004599005
bmp_102400,bmp,102400,102398,66334,0.002647241,0.004715360
bmp_1048576,bmp,1048576,1048574,676291,0.024903741,0.046547158
bmp_1048576,bmp,1048576,1048574,676291,0.025052173,0.046746255
bmp_1048576,bmp,1048576,1048574,676291,0.024954407,0.046522839
bmp_1048576,bmp,1048576,1048574,676291,0.024889066,0.046651854
bmp_1048576,bmp,1048576,1048574,676291,0.024858641,0.046488024
bmp_1048576,bmp,1048576,1048574,676291,0.026488084,0.046527578
bmp_1048576,bmp,1048576,1048574,676291,0.024995750,0.047524238
bmp_1048576,bmp,1048576,1048574,676291,0.026833163,0.047513057
bmp_1048576,bmp,1048576,1048574,676291,0.025266683,0.047478045
bmp_1048576,bmp,1048576,1048574,676291,0.025532725,0.046528416
bmp_5242880,bmp,5242880,5242878,3380162,0.124371751,0.235723741
bmp_5242880,bmp,5242880,5242878,3380162,0.123982362,0.233109043
bmp_5242880,bmp,5242880,5242878,3380162,0.124137848,0.234455169
bmp_5242880,bmp,5242880,5242878,3380162,0.124298250,0.234157437
bmp_5242880,bmp,5242880,5242878,3380162,0.124170852,0.233539550
bmp_5242880,bmp,5242880,5242878,3380162,0.124599360,0.233721730
bmp_5242880,bmp,5242880,5242878,3380162,0.126011011,0.233631267
bmp_5242880,bmp,5242880,5242878,3380162,0.124106238,0.233098849
bmp_5242880,bmp,5242880,5242878,3380162,0.123671303,0.233998060
bmp_5242880,bmp,5242880,5242878,3380162,0.124237207,0.233489194
wav_1024,wav,1024,1024,1261,0.000355199,0.000346743
wav_1024,wav,1024,1024,1261,0.000344017,0.000321028
wav_1024,wav,1024,1024,1261,0.000340593,0.000335912
wav_1024,wav,1024,1024,1261,0.000373367,0.000319980
wav_1024,wav,1024,1024,1261,0.000331929,0.000335632
wav_1024,wav,1024,1024,1261,0.000297967,0.000247164
wav_1024,wav,1024,1024,1261,0.000261210,0.000282244
wav_1024,wav,1024,1024,1261,0.000337449,0.000315926
wav_1024,wav,1024,1024,1261,0.000352892,0.000321657
wav_1024,wav,1024,1024,1261,0.000331580,0.000336610
wav_10240,wav,10240,10240,10136,0.000461416,0.001234705
wav_10240,wav,10240,10240,10136,0.001336799,0.002221617
wav_10240,wav,10240,10240,10136,0.001286346,0.002261448
wav_10240,wav,10240,10240,10136,0.001311503,0.002090242
wav_10240,wav,10240,10240,10136,0.000477418,0.000804526
wav_10240,wav,10240,10240,10136,0.000466237,0.000767489
wav_10240,wav,10240,10240,10136,0.000457083,0.000772032
wav_10240,wav,10240,10240,10136,0.000447650,0.000790689
wav_10240,wav,10240,10240,10136,0.000447929,0.000812631
wav_10240,wav,10240,10240,10136,0.000469103,0.000768258
wav_102400,wav,102400,102400,98418,0.003646324,0.007311516
wav_102400,wav,102400,102400,98418,0.003634234,0.007269588
wav_102400,wav,102400,102400,98418,0.003618442,0.007283914
wav_102400,wav,102400,102400,98418,0.003620119,0.007278113
wav_102400,wav,102400,102400,98418,0.003626478,0.007314101
wav_102400,wav,102400,102400,98418,0.003680076,0.007287757
wav_102400,wav,102400,102400,98418,0.003618303,0.007270915
wav_102400,wav,102400,102400,98418,0.003621866,0.007268470
wav_102400,wav,102400,102400,98418,0.003610965,0.007269239
wav_102400,wav,102400,102400,98418,0.003677910,0.007261412
wav_1048576,wav,1048576,1048576,1004769,0.036135784,0.074194099
wav_1048576,wav,1048576,1048576,1004769,0.036206851,0.074392698
wav_1048576,wav,1048576,1048576,1004769,0.036295250,0.074172543
wav_1048576,wav,1048576,1048576,1004769,0.036266021,0.074465811
wav_1048576,wav,1048576,1048576,1004769,0.036460844,0.074794174
wav_1048576,wav,1048576,1048576,1004769,0.036233107,0.074425980
wav_1048576,wav,1048576,1048576,1004769,0.036217665,0.074265816
wav_1048576,wav,1048576,1048576,1004769,0.036201243,0.074128993
wav_1048576,wav,1048576,1048576,1004769,0.036275595,0.074571748
wav_1048576,wav,1048576,1048576,1004769,0.036448755,0.074176581
wav_5242880,wav,5242880,5242880,5022525,0.181861720,0.372226306
wav_5242880,wav,5242880,5242880,5022525,0.181627284,0.372319473
wav_5242880,wav,5242880,5242880,5022525,0.181497544,0.372426011
wav_5242880,wav,5242880,5242880,5022525,0.182087738,0.373237219
wav_5242880,wav,5242880,5242880,5022525,0.180470685,0.373999454
wav_5242880,wav,5242880,5242880,5022525,0.181731386,0.376507877
wav_5242880,wav,5242880,5242880,5022525,0.182909389,0.377419059
wav_5242880,wav,5242880,5242880,5022525,0.180790522,0.372503851
wav_5242880,wav,5242880,5242880,5022525,0.182158018,0.374735944
wav_5242880,wav,5242880,5242880,5022525,0.181325762,0.372534660
zip_1024,zip,1024,1024,1313,0.000374264,0.000333107
zip_1024,zip,1024,1024,1313,0.000356864,0.000281607
zip_1024,zip,1024,1024,1313,0.000274619,0.000307462
zip_1024,zip,1024,1024,1313,0.000377968,0.000434429
zip_1024,zip,1024,1024,1313,0.000389568,0.000281397
zip_1024,zip,1024,1024,1313,0.000294464,0.000278532
zip_1024,zip,1024,1024,1313,0.000311235,0.000326468
zip_1024,zip,1024,1024,1313,0.000371819,0.000326817
zip_1024,zip,1024,1024,1313,0.000365250,0.000327796
zip_1024,zip,1024,1024,1313,0.000345055,0.000341282
zip_10240,zip,10240,10240,10563,0.001287634,0.002257885
zip_10240,zip,10240,10240,10563,0.001242353,0.002285766
zip_10240,zip,10240,10240,10563,0.001244310,0.002256067
zip_10240,zip,10240,10240,10563,0.001236483,0.002168651
zip_10240,zip,10240,10240,10563,0.001012666,0.001127824
zip_10240,zip,10240,10240,10563,0.000439041,0.000786053
zip_10240,zip,10240,10240,10563,0.000430306,0.000797094
zip_10240,zip,10240,10240,10563,0.000449942,0.000785564
zip_10240,zip,10240,10240,10563,0.000443792,0.000790176
zip_10240,zip,10240,10240,10563,0.000438552,0.000798351
zip_102400,zip,102400,102400,102728,0.003420298,0.007066563
zip_102400,zip,102400,102400,102728,0.003408340,0.007064117
zip_102400,zip,102400,102400,102728,0.003428325,0.007051749
zip_102400,zip,102400,102400,102728,0.003389753,0.007078862
zip_102400,zip,102400,102400,102728,0.003430771,0.007053985
zip_102400,zip,102400,102400,102728,0.003399466,0.007078861
zip_102400,zip,102400,102400,102728,0.003418683,0.007058946
zip_102400,zip,102400,102400,102728,0.003412394,0.007036306
zip_102400,zip,102400,102400,102728,0.003445236,0.007084172
zip_102400,zip,102400,102400,102728,0.003421967,0.007043154
zip_1048576,zip,1048576,1048576,1048904,0.034134137,0.071791703
zip_1048576,zip,1048576,1048576,1048904,0.033877197,0.071688215
zip_1048576,zip,1048576,1048576,1048904,0.033928278,0.071717283
zip_1048576,zip,1048576,1048576,1048904,0.033966921,0.072210268
zip_1048576,zip,1048576,1048576,1048904,0.035163361,0.075919222
zip_1048576,zip,1048576,1048576,1048904,0.034105277,0.071778007
zip_1048576,zip,1048576,1048576,1048904,0.034158804,0.071980861
zip_1048576,zip,1048576,1048576,1048904,0.034033583,0.071686263
zip_1048576,zip,1048576,1048576,1048904,0.034040637,0.071771073
zip_1048576,zip,1048576,1048576,1048904,0.034012687,0.071880361
zip_5242880,zip,5242880,5242880,5243208,0.168285824,0.359158058
zip_5242880,zip,5242880,5242880,5243208,0.165491398,0.360005561
zip_5242880,zip,5242880,5242880,5243208,0.167336727,0.362967749
zip_5242880,zip,5242880,5242880,5243208,0.164876555,0.358605118
zip_5242880,zip,5242880,5242880,5243208,0.166302271,0.358188201
zip_5242880,zip,5242880,5242880,5243208,0.166182594,0.363411151
zip_5242880,zip,5242880,5242880,5243208,0.167050705,0.358908386
zip_5242880,zip,5242880,5242880,5243208,0.165627072,0.359363117
zip_5242880,zip,5242880,5242880,5243208,0.169763940,0.359706609
zip_5242880,zip,5242880,5242880,5243208,0.168118203,0.358859903
jpeg_1024,jpeg,1024,969,1251,0.000361053,0.000362311
jpeg_1024,jpeg,1024,969,1251,0.000350850,0.000328211
jpeg_1024,jpeg,1024,969,1251,0.000384741,0.000325485
jpeg_1024,jpeg,1024,969,1251,0.000341557,0.000341487
jpeg_1024,jpeg,1024,969,1251,0.000340928,0.000315353
jpeg_1024,jpeg,1024,969,1251,0.000370416,0.000320385
jpeg_1024,jpeg,1024,969,1251,0.000339531,0.000341627
jpeg_1024,jpeg,1024,969,1251,0.000341348,0.000317240
jpeg_1024,jpeg,1024,969,1251,0.000434423,0.000513594
jpeg_1024,jpeg,1024,969,1251,0.000145833,0.000138915
jpeg_10240,jpeg,10240,10071,10343,0.001258968,0.002249609
jpeg_10240,jpeg,10240,10071,10343,0.001230319,0.001759145
jpeg_10240,jpeg,10240,10071,10343,0.001258548,0.002240666
jpeg_10240,jpeg,10240,10071,10343,0.001230109,0.001620230
jpeg_10240,jpeg,10240,10071,10343,0.000431558,0.000819165
jpeg_10240,jpeg,10240,10071,10343,0.000443437,0.000795965
jpeg_10240,jpeg,10240,10071,10343,0.000444206,0.000777937
jpeg_10240,jpeg,10240,10071,10343,0.000437358,0.000792961
jpeg_10240,jpeg,10240,10071,10343,0.000432816,0.000822588
jpeg_10240,jpeg,10240,10071,10343,0.000440223,0.000804001
jpeg_102400,jpeg,102400,103427,103452,0.003590892,0.007714106
jpeg_102400,jpeg,102400,103427,103452,0.003591032,0.007687413
jpeg_102400,jpeg,102400,103427,103452,0.003577407,0.007743663
jpeg_102400,jpeg,102400,103427,103452,0.003579643,0.007723399
jpeg_102400,jpeg,102400,103427,103452,0.003563780,0.007707957
jpeg_102400,jpeg,102400,103427,103452,0.003590193,0.007722072
jpeg_102400,jpeg,102400,103427,103452,0.003605636,0.007711031
jpeg_102400,jpeg,102400,103427,103452,0.003647423,0.007663934
jpeg_102400,jpeg,102400,103427,103452,0.003563710,0.007644858
jpeg_102400,jpeg,102400,103427,103452,0.003573842,0.007647583
jpeg_1048576,jpeg,1048576,1049127,1046128,0.035288420,0.077291080
jpeg_1048576,jpeg,1048576,1049127,1046128,0.035286393,0.077592668
jpeg_1048576,jpeg,1048576,1049127,1046128,0.035605800,0.077666667
jpeg_1048576,jpeg,1048576,1049127,1046128,0.035521738,0.077818649
jpeg_1048576,jpeg,1048576,1049127,1046128,0.035406442,0.077531735
jpeg_1048576,jpeg,1048576,1049127,1046128,0.035422233,0.077600808
jpeg_1048576,jpeg,1048576,1049127,1046128,0.035450783,0.077531530
jpeg_1048576,jpeg,1048576,1049127,1046128,0.035506195,0.077271938
jpeg_1048576,jpeg,1048576,1049127,1046128,0.035347506,0.077230710
jpeg_1048576,jpeg,1048576,1049127,1046128,0.035513952,0.077497220
jpeg_5242880,jpeg,5242880,5217261,5201175,0.179719169,0.384355341
jpeg_5242880,jpeg,5242880,5217261,5201175,0.176627410,0.391363055
jpeg_5242880,jpeg,5242880,5217261,5201175,0.177220756,0.385781411
jpeg_5242880,jpeg,5242880,5217261,5201175,0.179487551,0.387613867
jpeg_5242880,jpeg,5242880,5217261,5201175,0.177847447,0.386656953
jpeg_5242880,jpeg,5242880,5217261,5201175,0.176814143,0.385297034
jpeg_5242880,jpeg,5242880,5217261,5201175,0.176255923,0.391589601
jpeg_5242880,jpeg,5242880,5217261,5201175,0.177094642,0.387975438
jpeg_5242880,jpeg,5242880,5217261,5201175,0.176351855,0.385907943
jpeg_5242880,jpeg,5242880,5217261,5201175,0.178663998,0.385693477
mp4_102400,mp4,102400,112538,112057,0.003872619,0.008268893
mp4_102400,mp4,102400,112538,112057,0.004001750,0.008371192
mp4_102400,mp4,102400,112538,112057,0.003859203,0.008457907
mp4_102400,mp4,102400,112538,112057,0.004099997,0.008413257
mp4_102400,mp4,102400,112538,112057,0.004094057,0.008267425
mp4_102400,mp4,102400,112538,112057,0.004079733,0.008397395
mp4_102400,mp4,102400,112538,112057,0.004001053,0.008369583
mp4_102400,mp4,102400,112538,112057,0.003917200,0.008430237
mp4_102400,mp4,102400,112538,112057,0.003880166,0.008624773
mp4_102400,mp4,102400,112538,112057,0.003891906,0.008397394
mp4_1048576,mp4,1048576,1053269,1033479,0.036262275,0.076176276
mp4_1048576,mp4,1048576,1053269,1033479,0.035699135,0.075823890
mp4_1048576,mp4,1048576,1053269,1033479,0.035822188,0.075990125
mp4_1048576,mp4,1048576,1053269,1033479,0.035881722,0.075891390
mp4_1048576,mp4,1048576,1053269,1033479,0.037662731,0.075863789
mp4_1048576,mp4,1048576,1053269,1033479,0.035659935,0.075618314
mp4_1048576,mp4,1048576,1053269,1033479,0.035601727,0.075483033
mp4_1048576,mp4,1048576,1053269,1033479,0.035727505,0.075605666
mp4_1048576,mp4,1048576,1053269,1033479,0.035724780,0.075707965
mp4_1048576,mp4,1048576,1053269,1033479,0.035648958,0.075662942
mp4_5242880,mp4,5242880,5062111,5029610,0.169281729,0.371640216
mp4_5242880,mp4,5242880,5062111,5029610,0.172549802,0.372149567
mp4_5242880,mp4,5242880,5062111,5029610,0.169812537,0.371760015
mp4_5242880,mp4,5242880,5062111,5029610,0.170231128,0.370828961
mp4_5242880,mp4,5242880,5062111,5029610,0.169151748,0.371059763
mp4_5242880,mp4,5242880,5062111,5029610,0.169767884,0.378012032
mp4_5242880,mp4,5242880,5062111,5029610,0.219304637,0.373538907
mp4_5242880,mp4,5242880,5062111,5029610,0.169404010,0.370871304
mp4_5242880,mp4,5242880,5062111,5029610,0.169761121,0.370654778
mp4_5242880,mp4,5242880,5062111,5029610,0.170120425,0.371076745
random_1024,random,1024,1024,1322,0.000386067,0.000335126
random_1024,random,1024,1024,1322,0.000352945,0.000364754
random_1024,random,1024,1024,1322,0.000344071,0.000347145
random_1024,random,1024,1024,1322,0.000304871,0.000261057
random_1024,random,1024,1024,1322,0.000266718,0.000281182
random_1024,random,1024,1024,1322,0.000349172,0.000324995
random_1024,random,1024,1024,1322,0.000429180,0.000340996
random_1024,random,1024,1024,1322,0.000345539,0.000345957
random_1024,random,1024,1024,1322,0.000268116,0.000255327
random_1024,random,1024,1024,1322,0.000299210,0.000407588
random_10240,random,10240,10240,10566,0.000436238,0.000913073
random_10240,random,10240,10240,10566,0.000471246,0.000822164
random_10240,random,10240,10240,10566,0.000436167,0.000819859
random_10240,random,10240,10240,10566,0.000444763,0.000847948
random_10240,random,10240,10240,10566,0.000447907,0.000815596
random_10240,random,10240,10240,10566,0.000440919,0.000842149
random_10240,random,10240,10240,10566,0.000438264,0.000826496
random_10240,random,10240,10240,10566,0.000447767,0.000803507
random_10240,random,10240,10240,10566,0.000478652,0.000869960
random_10240,random,10240,10240,10566,0.000534414,0.000872684
random_102400,random,102400,102400,102728,0.003654808,0.007131991
random_102400,random,102400,102400,102728,0.003438401,0.007229817
random_102400,random,102400,102400,102728,0.003471592,0.007133947
random_102400,random,102400,102400,102728,0.003504155,0.007341620
random_102400,random,102400,102400,102728,0.003455102,0.007226673
random_102400,random,102400,102400,102728,0.003417229,0.007308917
random_102400,random,102400,102400,102728,0.003449652,0.007632025
random_102400,random,102400,102400,102728,0.003848644,0.007356084
random_102400,random,102400,102400,102728,0.003531896,0.007236385
random_102400,random,102400,102400,102728,0.004422469,0.007776599
random_1048576,random,1048576,1048576,1048904,0.033955951,0.072286506
random_1048576,random,1048576,1048576,1048904,0.033973141,0.071973810
random_1048576,random,1048576,1048576,1048904,0.033817876,0.071914415
random_1048576,random,1048576,1048576,1048904,0.033894391,0.071776758
random_1048576,random,1048576,1048576,1048904,0.033944002,0.072109439
random_1048576,random,1048576,1048576,1048904,0.033595879,0.071824203
random_1048576,random,1048576,1048576,1048904,0.034106740,0.072380831
random_1048576,random,1048576,1048576,1048904,0.033351936,0.073788558
random_1048576,random,1048576,1048576,1048904,0.034700968,0.073112505
random_1048576,random,1048576,1048576,1048904,0.033968595,0.071963739
random_5242880,random,5242880,5242880,5243208,0.165841636,0.359868831
random_5242880,random,5242880,5242880,5243208,0.165735142,0.367991732
random_5242880,random,5242880,5242880,5243208,0.168957820,0.362868167
random_5242880,random,5242880,5242880,5243208,0.171432836,0.366856066
random_5242880,random,5242880,5242880,5243208,0.165585720,0.358388583
random_5242880,random,5242880,5242880,5243208,0.165157308,0.359096420
random_5242880,random,5242880,5242880,5243208,0.167485294,0.357949457
random_5242880,random,5242880,5242880,5243208,0.169440082,0.358489378
random_5242880,random,5242880,5242880,5243208,0.170641663,0.366364071
random_5242880,random,5242880,5242880,5243208,0.167345042,0.360216137
