type,nominal_bytes,actual_bytes,compressed_bytes,ratio_percent,runs,compress_mean_s,compress_sd_s,compress_ci95_low_s,compress_ci95_high_s,decompress_mean_s,decompress_sd_s,decompress_ci95_low_s,decompress_ci95_high_s,compress_MBps,decompress_MBps
ascii,1024,1024,584,57.0312,10,0.000057148,0.000006532,0.000052475,0.000061820,0.000059202,0.000001486,0.000058139,0.000060264,17.9185,17.2968
ascii,10240,10240,5481,53.5254,10,0.000270114,0.000007132,0.000265012,0.000275216,0.000429246,0.000012233,0.000420496,0.000437997,37.9099,23.8558
ascii,102400,102400,54498,53.2207,10,0.002348170,0.000016677,0.002336241,0.002360099,0.004004766,0.000020905,0.003989812,0.004019719,43.6084,25.5695
ascii,1048576,1048576,557134,53.1324,10,0.023706746,0.000258539,0.023521811,0.023891681,0.041416451,0.000586854,0.040996670,0.041836232,44.2311,25.3179
ascii,5242880,5242880,2785004,53.1197,10,0.117621999,0.000705759,0.117117165,0.118126833,0.204263702,0.000524377,0.203888611,0.204638793,44.5740,25.6672
utf8,1024,1024,543,53.0273,10,0.000157199,0.000009900,0.000150118,0.000164280,0.000152048,0.000006800,0.000147184,0.000156912,6.5140,6.7347
utf8,10240,10240,5010,48.9258,10,0.000723165,0.000045952,0.000690296,0.000756035,0.000976726,0.000064060,0.000930903,0.001022548,14.1600,10.4840
utf8,102400,102400,49752,48.5859,10,0.002260343,0.000036156,0.002234481,0.002286206,0.003248139,0.000039177,0.003220115,0.003276163,45.3029,31.5257
utf8,1048576,1048576,508212,48.4669,10,0.022419392,0.000067014,0.022371457,0.022467328,0.032809988,0.000136281,0.032712506,0.032907471,46.7709,31.9590
utf8,5242880,5242880,2540443,48.4551,10,0.111913824,0.000684715,0.111424042,0.112403606,0.162594547,0.000916991,0.161938617,0.163250477,46.8475,32.2451
bmp,1024,1022,961,94.0313,10,0.000276059,0.000028490,0.000255680,0.000296438,0.000238280,0.000028439,0.000217937,0.000258623,3.7021,4.2891
bmp,10240,10238,6921,67.6011,10,0.000699264,0.000315589,0.000473521,0.000925007,0.000987071,0.000447793,0.000666761,0.001307380,14.6411,10.3721
bmp,102400,102398,66334,64.7806,10,0.002538076,0.000042239,0.002507862,0.002568290,0.004672711,0.000092175,0.004606777,0.004738644,40.3447,21.9140
bmp,1048576,1048574,676291,64.4963,10,0.025377443,0.000711144,0.024868757,0.025886130,0.046852746,0.000456530,0.046526187,0.047179306,41.3191,22.3802
bmp,5242880,5242878,3380162,64.4715,10,0.124358618,0.000629689,0.123908197,0.124809040,0.233892404,0.000773139,0.233339372,0.234445436,42.1593,22.4158
wav,1024,1024,1261,123.1445,10,0.000332620,0.000031797,0.000309875,0.000355365,0.000316290,0.000030004,0.000294828,0.000337751,3.0786,3.2375
wav,10240,10240,10136,98.9844,10,0.000716148,0.000411136,0.000422060,0.001010237,0.001252364,0.000663936,0.000777445,0.001727282,14.2987,8.1765
wav,102400,102400,98418,96.1113,10,0.003635472,0.000024938,0.003617634,0.003653310,0.007281503,0.000018251,0.007268448,0.007294557,28.1669,14.0630
wav,1048576,1048576,1004769,95.8222,10,0.036274111,0.000105261,0.036198817,0.036349406,0.074358844,0.000213044,0.074206452,0.074511236,28.9070,14.1016
wav,5242880,5242880,5022525,95.7971,10,0.181646005,0.000694856,0.181148969,0.182143040,0.373790985,0.001870807,0.372452784,0.375129187,28.8632,14.0262
zip,1024,1024,1313,128.2227,10,0.000346111,0.000039207,0.000318065,0.000374156,0.000323890,0.000045409,0.000291409,0.000356371,2.9586,3.1616
zip,10240,10240,10563,103.1543,10,0.000822508,0.000409415,0.000529650,0.001115366,0.001405343,0.000727999,0.000884600,0.001926086,12.4497,7.2865
zip,102400,102400,102728,100.3203,10,0.003417523,0.000015975,0.003406096,0.003428950,0.007061672,0.000015911,0.007050290,0.007073053,29.9632,14.5008
zip,1048576,1048576,1048904,100.0313,10,0.034142088,0.000369695,0.033877642,0.034406534,0.072242326,0.001301820,0.071311124,0.073173527,30.7121,14.5147
zip,5242880,5242880,5243208,100.0063,10,0.166903529,0.001505205,0.165826845,0.167980213,0.359917385,0.001804180,0.358626842,0.361207928,31.4126,14.5669
jpeg,1024,969,1251,129.1022,10,0.000341068,0.000074609,0.000287700,0.000394436,0.000330461,0.000089457,0.000266472,0.000394450,2.8411,2.9323
jpeg,10240,10071,10343,102.7008,10,0.000760754,0.000416458,0.000462859,0.001058649,0.001268227,0.000630582,0.000817167,0.001719287,13.2382,7.9410
jpeg,102400,103427,103452,100.0242,10,0.003588356,0.000024545,0.003570798,0.003605913,0.007696602,0.000034086,0.007672219,0.007720984,28.8230,13.4380
jpeg,1048576,1049127,1046128,99.7141,10,0.035434946,0.000105647,0.035359376,0.035510516,0.077503301,0.000188013,0.077368813,0.077637788,29.6071,13.5365
jpeg,5242880,5217261,5201175,99.6917,10,0.177608289,0.001272508,0.176698055,0.178518523,0.387223412,0.002479391,0.385449886,0.388996938,29.3751,13.4735
mp4,102400,112538,112057,99.5726,10,0.003969768,0.000097193,0.003900246,0.004039291,0.008399806,0.000100830,0.008327681,0.008471930,28.3488,13.3977
mp4,1048576,1053269,1033479,98.1211,10,0.035969096,0.000624280,0.035522543,0.036415648,0.075782339,0.000207124,0.075634182,0.075930496,29.2826,13.8986
mp4,5242880,5062111,5029610,99.3580,10,0.174938502,0.015618242,0.163766661,0.186110343,0.372159229,0.002227604,0.370565807,0.373752650,28.9365,13.6020
random,1024,1024,1322,129.1016,10,0.000334589,0.000051117,0.000298024,0.000371153,0.000326413,0.000047764,0.000292247,0.000360578,3.0605,3.1371
random,10240,10240,10566,103.1836,10,0.000457634,0.000030647,0.000435712,0.000479556,0.000843344,0.000033491,0.000819387,0.000867300,22.3760,12.1421
random,102400,102400,102728,100.3203,10,0.003619395,0.000311083,0.003396875,0.003841915,0.007337406,0.000210423,0.007186888,0.007487923,28.2920,13.9559
random,1048576,1048576,1048904,100.0313,10,0.033930948,0.000347926,0.033682074,0.034179822,0.072313076,0.000648554,0.071849161,0.072776992,30.9032,14.5005
random,5242880,5242880,5243208,100.0063,10,0.167762254,0.002250443,0.166152497,0.169372012,0.361808884,0.003899349,0.359019651,0.364598117,31.2518,14.4907
